predictor,outcome,corr,CI-low,CI-high
t1_cortex_corr,t2_pulvinar_corr,0.05347137774265173,0.048407176196175565,0.11364311435888412
t2_cortex_corr,t1_pulvinar_corr,0.08551953036218525,0.07155717169098988,0.13578641008519357
