predictor,outcome,corr,CI-low,CI-high
t1_cortex_corr,t2_pulvinar_corr,0.11664520749594282,0.0718702930499715,0.16133742970840123
t2_cortex_corr,t1_pulvinar_corr,0.15316261117049762,0.11078613556309341,0.19492998551400267
