predictor,outcome,corr,CI-low,CI-high
t1_cortex_corr,t2_pulvinar_corr,0.057287072024705274,0.053957506750011396,0.11677322658494207
t2_cortex_corr,t1_pulvinar_corr,0.09442710114100078,0.08189878842904347,0.14354545240758776
